Frame,Other,FCC,HCP,BCC,ICO
0,1070,0,2529,0,0
1,1070,0,2529,0,0
2,1070,0,2529,0,0
3,1070,0,2529,0,0
4,1072,0,2527,0,0
5,1070,0,2529,0,0
6,1071,0,2528,0,0
7,1070,0,2529,0,0
8,1070,0,2529,0,0
9,1070,0,2529,0,0
10,1070,0,2529,0,0
11,1070,0,2529,0,0
12,1071,0,2528,0,0
13,1071,0,2528,0,0
14,1070,0,2529,0,0
15,1070,0,2529,0,0
16,1070,0,2529,0,0
17,1070,0,2529,0,0
18,1070,0,2529,0,0
19,1071,0,2528,0,0
20,1071,0,2528,0,0
21,1070,0,2529,0,0
22,1070,0,2529,0,0
23,1071,0,2528,0,0
24,1071,0,2528,0,0
25,1072,0,2527,0,0
26,1071,0,2528,0,0
27,1070,0,2529,0,0
28,1071,0,2528,0,0
29,1070,0,2529,0,0
30,1070,0,2529,0,0
31,1070,0,2529,0,0
32,1070,0,2529,0,0
33,1070,0,2529,0,0
34,1070,0,2529,0,0
35,1070,0,2529,0,0
36,1071,0,2528,0,0
37,1070,0,2529,0,0
38,1071,0,2528,0,0
39,1070,0,2529,0,0
40,1070,0,2529,0,0
41,1070,0,2529,0,0
42,1070,0,2529,0,0
43,1070,0,2529,0,0
44,1070,0,2529,0,0
45,1070,0,2529,0,0
46,1070,0,2529,0,0
47,1071,0,2528,0,0
48,1073,0,2526,0,0
49,1074,0,2525,0,0
50,1074,0,2525,0,0
51,1074,0,2525,0,0
52,1071,0,2528,0,0
53,1070,0,2529,0,0
54,1073,0,2526,0,0
55,1070,0,2529,0,0
56,1070,0,2529,0,0
57,1072,0,2527,0,0
58,1072,0,2527,0,0
59,1074,0,2525,0,0
60,1071,0,2528,0,0
61,1072,0,2527,0,0
62,1074,0,2525,0,0
63,1071,0,2528,0,0
64,1072,0,2527,0,0
65,1071,0,2528,0,0
66,1075,0,2524,0,0
67,1072,0,2527,0,0
68,1073,0,2526,0,0
69,1070,0,2529,0,0
70,1071,0,2528,0,0
71,1073,0,2526,0,0
72,1072,0,2527,0,0
73,1073,0,2526,0,0
74,1072,0,2527,0,0
75,1074,0,2525,0,0
76,1074,0,2525,0,0
77,1072,0,2527,0,0
78,1075,0,2524,0,0
79,1075,0,2524,0,0
80,1075,0,2524,0,0
81,1076,0,2523,0,0
82,1076,0,2523,0,0
83,1079,0,2520,0,0
84,1075,0,2524,0,0
85,1070,0,2529,0,0
86,1075,0,2524,0,0
87,1072,0,2527,0,0
88,1073,0,2526,0,0
89,1070,0,2529,0,0
90,1073,0,2526,0,0
91,1075,0,2524,0,0
92,1082,0,2517,0,0
93,1079,0,2520,0,0
94,1079,0,2520,0,0
95,1071,0,2528,0,0
96,1072,0,2527,0,0
97,1076,0,2523,0,0
98,1076,0,2523,0,0
99,1074,0,2525,0,0
100,1076,0,2523,0,0
101,1076,0,2523,0,0
102,1074,0,2525,0,0
103,1076,0,2523,0,0
104,1076,0,2523,0,0
105,1082,0,2517,0,0
106,1083,0,2516,0,0
107,1087,0,2512,0,0
108,1080,0,2519,0,0
109,1075,0,2524,0,0
110,1082,0,2517,0,0
111,1082,0,2517,0,0
112,1079,0,2520,0,0
113,1096,0,2503,0,0
114,1101,0,2498,0,0
115,1104,0,2495,0,0
116,1099,0,2500,0,0
117,1100,0,2499,0,0
118,1121,0,2478,0,0
119,1094,0,2505,0,0
120,1116,0,2483,0,0
121,1136,0,2463,0,0
122,1124,0,2475,0,0
123,1135,0,2464,0,0
124,1113,0,2486,0,0
125,1126,0,2473,0,0
126,1133,0,2466,0,0
127,1109,0,2490,0,0
128,1135,0,2464,0,0
129,1150,2,2447,0,0
130,1153,1,2445,0,0
131,1131,1,2467,0,0
132,1132,2,2465,0,0
133,1185,0,2414,0,0
134,1179,1,2419,0,0
135,1163,1,2435,0,0
136,1206,1,2392,0,0
137,1134,3,2462,0,0
138,1199,1,2399,0,0
139,1219,1,2379,0,0
140,1227,1,2371,0,0
141,1184,2,2413,0,0
142,1209,1,2389,0,0
143,1232,1,2366,0,0
144,1215,0,2382,2,0
145,1245,3,2351,0,0
146,1229,0,2370,0,0
147,1239,0,2360,0,0
148,1290,1,2308,0,0
149,1303,2,2294,0,0
150,1274,0,2325,0,0
151,1290,1,2308,0,0
152,1311,0,2288,0,0
153,1318,0,2281,0,0
154,1325,1,2273,0,0
155,1351,0,2248,0,0
156,1302,0,2297,0,0
157,1317,0,2282,0,0
158,1311,0,2288,0,0
159,1318,0,2281,0,0
160,1397,0,2201,1,0
161,1347,2,2250,0,0
162,1348,0,2250,1,0
163,1459,0,2140,0,0
164,1464,0,2134,1,0
165,1410,0,2189,0,0
166,1435,0,2164,0,0
167,1388,0,2211,0,0
168,1458,0,2141,0,0
169,1503,0,2096,0,0
170,1436,1,2160,2,0
171,1466,0,2133,0,0
172,1461,0,2138,0,0
173,1500,0,2096,3,0
174,1496,0,2103,0,0
175,1523,0,2075,1,0
176,1480,0,2119,0,0
177,1571,0,2026,2,0
178,1595,0,2004,0,0
179,1590,0,2009,0,0
180,1564,0,2034,1,0
181,1557,0,2042,0,0
182,1635,0,1964,0,0
183,1580,0,2019,0,0
184,1615,0,1984,0,0
185,1625,0,1974,0,0
186,1677,0,1922,0,0
187,1612,1,1986,0,0
188,1667,0,1929,3,0
189,1630,0,1969,0,0
190,1634,0,1965,0,0
191,1620,0,1979,0,0
192,1719,0,1880,0,0
193,1654,0,1943,2,0
194,1709,0,1890,0,0
195,1741,0,1858,0,0
196,1751,0,1845,3,0
197,1732,1,1864,2,0
198,1818,3,1774,4,0
199,1744,0,1854,1,0
200,1788,0,1809,2,0
201,1740,0,1859,0,0
202,1766,0,1832,1,0
203,1725,0,1873,1,0
204,1888,0,1705,6,0
205,1993,0,1599,7,0
206,1953,0,1641,5,0
207,1831,1,1767,0,0
208,1889,1,1706,3,0
209,1945,0,1653,1,0
210,1835,0,1762,2,0
211,1903,0,1695,1,0
212,1816,0,1782,1,0
213,1804,0,1795,0,0
214,1807,0,1792,0,0
215,2073,3,1523,0,0
216,1932,0,1666,1,0
217,1919,0,1678,2,0
218,1878,0,1720,1,0
219,1957,1,1637,4,0
220,1886,0,1713,0,0
221,1894,0,1703,2,0
222,1868,1,1727,3,0
223,2077,0,1519,3,0
224,2065,0,1529,5,0
225,2132,0,1460,7,0
226,2097,0,1495,7,0
227,2113,0,1484,2,0
228,2063,0,1532,4,0
229,1988,0,1610,1,0
230,2009,0,1589,1,0
231,2006,0,1591,2,0
232,2015,0,1582,2,0
233,2071,0,1514,14,0
234,2170,2,1413,14,0
235,2086,0,1513,0,0
236,2194,0,1405,0,0
237,2071,0,1525,3,0
238,2073,0,1524,2,0
239,2071,2,1526,0,0
240,2002,0,1596,1,0
241,2055,0,1534,10,0
242,2380,1,1209,9,0
243,2166,0,1419,14,0
244,2245,4,1332,18,0
245,2271,0,1316,12,0
246,2210,0,1371,18,0
247,2330,0,1242,27,0
248,2447,0,1068,84,0
249,2627,1,875,96,0
250,2765,0,639,195,0
251,2835,2,383,379,0
252,2937,4,138,520,0
253,2927,0,14,658,0
254,2913,0,8,678,0
255,2929,2,4,664,0
256,2862,0,7,730,0
257,2888,0,3,708,0
258,2822,1,5,771,0
259,2880,0,1,718,0
260,2872,0,2,725,0
261,2941,0,4,654,0
262,2903,5,5,686,0
263,2964,1,7,627,0
264,2931,0,2,666,0
265,3015,1,0,583,0
266,3028,0,5,566,0
267,3051,0,3,545,0
268,2973,1,3,622,0
269,2992,1,5,601,0
270,3017,1,5,576,0
271,2963,0,2,634,0
272,3001,3,6,589,0
273,3006,1,6,586,0
274,3049,1,3,546,0
275,2969,0,3,627,0
276,3004,2,4,589,0
277,2951,0,5,643,0
278,3040,2,2,555,0
279,2956,2,5,636,0
280,2927,2,3,667,0
281,3059,1,6,533,0
282,3053,1,2,543,0
283,2997,0,2,600,0
284,3151,0,5,443,0
285,3004,2,11,582,0
286,3090,2,3,504,0
287,3189,2,8,400,0
288,3130,0,6,463,0
289,2979,1,5,614,0
290,2897,0,1,701,0
291,3099,2,5,493,0
292,2962,2,2,633,0
293,3092,4,5,498,0
294,3023,1,3,572,0
295,3026,0,1,572,0
296,3075,0,7,517,0
297,3062,0,6,531,0
298,3111,0,2,486,0
299,3132,0,1,466,0
300,3144,1,2,452,0
301,3129,0,4,466,0
302,3090,2,3,504,0
303,3106,0,1,492,0
304,3165,1,2,431,0
305,3166,2,4,427,0
306,3149,3,3,444,0
307,3193,2,2,402,0
308,3129,1,2,467,0
309,3146,4,3,446,0
310,3038,1,3,557,0
311,3160,0,1,438,0
312,3210,1,8,380,0
313,3149,1,3,446,0
314,3193,0,7,399,0
315,3120,0,3,476,0
316,3130,0,6,463,0
317,3244,3,3,349,0
318,3174,2,4,419,0
319,3255,2,1,341,0
320,3103,0,9,487,0
321,3189,2,2,406,0
322,3168,1,0,430,0
323,3265,1,3,330,0
324,3185,2,3,409,0
325,3208,0,7,384,0
326,3166,0,6,427,0
327,3221,4,5,369,0
328,3139,3,7,450,0
329,3166,1,2,430,0
330,3148,0,2,449,0
331,3153,1,7,438,0
332,3197,0,6,396,0
333,3167,0,4,428,0
334,3201,1,2,395,0
335,3233,0,6,360,0
336,3239,1,4,355,0
337,3240,1,8,350,0
338,3225,3,7,364,0
339,3215,0,2,382,0
340,3187,1,6,405,0
341,3316,1,1,281,0
342,3209,1,4,385,0
343,3258,2,2,337,0
344,3277,0,4,318,0
345,3292,1,4,302,0
346,3318,0,3,278,0
347,3259,0,1,339,0
348,3277,2,3,317,0
349,3208,1,2,388,0
350,3183,2,3,411,0
351,3294,3,4,298,0
352,3217,0,2,380,0
353,3280,1,9,309,0
354,3291,0,6,302,0
355,3319,0,2,278,0
356,3249,0,7,343,0
357,3236,0,2,361,0
358,3234,1,1,363,0
359,3201,1,1,396,0
360,3265,0,3,331,0
361,3218,2,0,379,0
362,3353,1,3,242,0
363,3218,0,1,380,0
364,3364,0,2,233,0
365,3301,1,0,297,0
366,3231,1,5,362,0
367,3255,1,4,339,0
368,3277,1,5,316,0
369,3287,2,2,308,0
370,3324,2,1,272,0
371,3337,2,1,259,0
372,3253,3,4,339,0
373,3281,0,0,318,0
374,3354,0,5,240,0
375,3283,1,4,311,0
376,3364,0,4,231,0
377,3374,0,1,224,0
378,3287,1,1,310,0
379,3151,0,2,446,0
380,3287,1,5,306,0
381,3335,2,0,262,0
382,3277,1,1,320,0
383,3280,1,5,313,0
384,3355,0,2,242,0
385,3350,1,3,245,0
386,3197,3,1,398,0
387,3254,0,2,343,0
388,3360,0,4,235,0
389,3262,1,4,332,0
390,3258,3,1,337,0
391,3259,2,1,337,0
392,3257,3,1,338,0
393,3328,0,4,267,0
394,3330,2,10,257,0
395,3279,1,4,315,0
396,3270,2,3,324,0
397,3267,3,4,325,0
398,3275,0,0,324,0
399,3276,2,1,320,0
400,3335,1,3,260,0
